{"mean":{"confidence_interval":{"confidence_level":0.95,"lower_bound":174.95569826881507,"upper_bound":180.1804025166904},"point_estimate":177.35971687676118,"standard_error":1.3317757944144653},"median":{"confidence_interval":{"confidence_level":0.95,"lower_bound":172.13527610057366,"upper_bound":175.3570080631326},"point_estimate":173.1153434982598,"standard_error":0.9417251421507183},"median_abs_dev":{"confidence_interval":{"confidence_level":0.95,"lower_bound":4.607522915593855,"upper_bound":8.661979724940071},"point_estimate":7.338329603172188,"standard_error":0.9682190011867704},"slope":{"confidence_interval":{"confidence_level":0.95,"lower_bound":175.88491161121846,"upper_bound":184.685963357597},"point_estimate":179.57677929000758,"standard_error":2.2948282533635345},"std_dev":{"confidence_interval":{"confidence_level":0.95,"lower_bound":7.68960151243123,"upper_bound":17.886977482289094},"point_estimate":13.370361962371414,"standard_error":2.5563838192197825}}