{"mean":{"confidence_interval":{"confidence_level":0.95,"lower_bound":171.6223679541319,"upper_bound":194.38406490475327},"point_estimate":181.58432938885784,"standard_error":5.858632261856881},"median":{"confidence_interval":{"confidence_level":0.95,"lower_bound":163.9981289015263,"upper_bound":166.47392154344507},"point_estimate":164.9692873689265,"standard_error":0.5775942323866211},"median_abs_dev":{"confidence_interval":{"confidence_level":0.95,"lower_bound":3.640423558227355,"upper_bound":6.522699874988298},"point_estimate":5.064623648403895,"standard_error":0.6869045831366988},"slope":{"confidence_interval":{"confidence_level":0.95,"lower_bound":166.31537974096815,"upper_bound":177.14082176616222},"point_estimate":170.92520106490528,"standard_error":2.778466097721842},"std_dev":{"confidence_interval":{"confidence_level":0.95,"lower_bound":25.132456727278893,"upper_bound":88.1867154070307},"point_estimate":59.209246777105925,"standard_error":16.435065377588696}}